"County","Metropolitan","Town"
"KentCounty",72.946459741182,9.450907844398
"NewCastleCounty",192.07172370587,17.662486570198
"SussexCounty",20.920995943606,93.818742353754
